{

    "product":[

  {
  "productId" : 1,
  "productDescription":"good",
  "productDiscount":50,
  "productName" : "Joe",
  "productPrice":900,
  "productQuantity":6
  
  
  },
  
  {
    "productId" : 2,
    "productDescription":"good",
    "productDiscount":60,
    "productName" : "shoe",
    "productPrice":10,
    "productQuantity":6623
    
  },
  {
    "productId" : 3,
    "productDescription":"good",
    "productDiscount":70,
    "productName" : "saree",
    "productPrice":9255,
    "productQuantity":5
    
  
  }
  
 
  ]
}